{
  "dependencies": [
    {
      "version": "1.0.0",
      "assetId": "linkedin-profile-search-posts",
      "groupId": "65c38237-ebbe-483b-b365-167b076fc487",
      "provided": false
    },
    {
      "version": "1.0.0",
      "assetId": "linkedin-profile-findcustom-headcount",
      "groupId": "65c38237-ebbe-483b-b365-167b076fc487",
      "provided": false
    },
    {
      "version": "1.0.0",
      "assetId": "linkedin-profile-searchlinkedinschoolpages-viagoogle",
      "groupId": "65c38237-ebbe-483b-b365-167b076fc487",
      "provided": false
    },
    {
      "version": "1.0.0",
      "assetId": "linkedin-profile-searchlinkedinprofilesvia-google",
      "groupId": "65c38237-ebbe-483b-b365-167b076fc487",
      "provided": false
    },
    {
      "version": "1.0.0",
      "assetId": "linkedin-profile-searchlinkedin-companypagesvia-google",
      "groupId": "65c38237-ebbe-483b-b365-167b076fc487",
      "provided": false
    },
    {
      "version": "1.0.0",
      "assetId": "linkedin-profile-searchdecisionmakers",
      "groupId": "65c38237-ebbe-483b-b365-167b076fc487",
      "provided": false
    },
    {
      "version": "1.0.0",
      "assetId": "linkedin-profilesearch-employeesby-salesnavurl",
      "groupId": "65c38237-ebbe-483b-b365-167b076fc487",
      "provided": false
    }
  ],
  "version": "1.0.0",
  "descriptorVersion": "1.0.0",
  "classifier": "raml",
  "main": "fresh-linkedin-profile-data.raml",
  "assetId": "fresh-linkedin-profile-data",
  "groupId": "65c38237-ebbe-483b-b365-167b076fc487",
  "name": "fresh-linkedin-profile-data",
  "organizationId": "65c38237-ebbe-483b-b365-167b076fc487",
  "apiVersion": "1.0",
  "tags": [],
  "originalFormatVersion": "1.0"
}