{"main":"linkedin-profile-searchlinkedinprofilesvia-google.raml","name":"linkedIn-profile-searchLinkedInProfilesvia -google","groupId":"65c38237-ebbe-483b-b365-167b076fc487","assetId":"linkedin-profile-searchlinkedinprofilesvia-google","version":"1.0.0","classifier":"raml-fragment","tags":[],"descriptorVersion":"1.0.0","organizationId":"65c38237-ebbe-483b-b365-167b076fc487","apiVersion":"v1","originalFormatVersion":"1.0","metadata":{"projectId":"1842dd3a-d98a-4987-821d-cd144ae95f43","branchId":"master","commitId":"16ff1137ddb6605956553bc8a9abbf72c68cdbcc"}}