{"main":"linkedin-profile-findcustom-headcount.raml","name":"linkedIn-profile-findCustom-headcount","groupId":"65c38237-ebbe-483b-b365-167b076fc487","assetId":"linkedin-profile-findcustom-headcount","version":"1.0.0","classifier":"raml-fragment","tags":[],"descriptorVersion":"1.0.0","organizationId":"65c38237-ebbe-483b-b365-167b076fc487","apiVersion":"v1","originalFormatVersion":"1.0","metadata":{"projectId":"ad0f69b2-f8ca-4525-bbdb-ce816cf7ce96","branchId":"master","commitId":"b1e7cb845a8bfd92bb98749ec156cb90528ffb57"}}