{"main":"linkedin-profile-searchlinkedin-companypagesvia-google.raml","name":"linkedIn-profile-searchLinkedIn-companyPagesvia-google","groupId":"65c38237-ebbe-483b-b365-167b076fc487","assetId":"linkedin-profile-searchlinkedin-companypagesvia-google","version":"1.0.0","classifier":"raml-fragment","tags":[],"descriptorVersion":"1.0.0","organizationId":"65c38237-ebbe-483b-b365-167b076fc487","apiVersion":"v1","originalFormatVersion":"1.0","metadata":{"projectId":"09ef2519-ac70-45b3-8c84-90fb931af7bd","branchId":"master","commitId":"31c8c42466d999a02f523838b3ce4ac97e568426"}}