{
                "company_id": "162479",
                "company_name": "Apple Inc.",
                "description": "Apple Inc. is an American multinational technology company that designs, develops, and sells consumer electronics, computer software, and online services.",
                "domain": "apple.com",
                "email": "",
                "employee_count": 271504,
                "employee_range": "10001+",
                "follower_count": 18590762,
                "hq_address_line1": "1 Apple Park Way",
                "hq_address_line2": "",
                "hq_city": "Cupertino",
                "hq_country": "United States",
                "hq_full_address": "1 Apple Park Way, Cupertino, California 95014, United States",
                "hq_postalcode": "95014",
                "hq_region": "California",
                "industries": [],
                "linkedin_url": "https://www.linkedin.com/company/apple/",
                "locations": [],
                "logo_url": "https://media.licdn.com/dms/image/C560BAQHdAaarsO-eyA/company-logo_400_400/0/1595530301220?e=1692835200&v=beta&t=dMZacSXgf5hSuO-M5sX2OcDJo64TlkEo3_7CQ0VB0Ak",
                "phone": null,
                "specialties": "Innovative Product Development, World-Class Operations, Retail, Telephone Support",
                "tagline": "",
                "type": "Public Company",
                "website": "http://www.apple.com/careers",
                "year_founded": 1976,
                "message": "ok"
              }