{
  "about": "Kinly is a diverse financial technology company dedicated to meeting the specific needs of African-Americans and their allies.",
  "acquired_by": {
    "name": "Greenwood Bank",
    "url": "https://crunchbase.com/organization/greenwood-bank"
  },
  "actively_hiring": false,
  "cb_rank": 21268,
  "company_type": "For Profit",
  "contact_email": "support@bekinly.com",
  "crunchbase_url": "https://www.crunchbase.com/organization/kinly-c638",
  "description": "Kinly is a diverse financial technology company dedicated to meeting the specific needs of African-Americans and their allies.",
  "employee_range": "1-10",
  "facebook": "https://www.facebook.com/kinlyofficial/",
  "founded": 2020,
  "founders": [],
  "funding_raised": 20000000,
  "funding_raised_currency": "$",
  "funding_rounds": [],
  "headquarter_location": "Greater Atlanta Area, East Coast, Southern US",
  "industries": ["Financial Services", "FinTech"],
  "ipo_status": "Private",
  "last_funding_type": "Series A",
  "latest_funding_date": "Jun 13, 2022",
  "legal_name": "",
  "linkedin": "https://www.linkedin.com/company/kinlyofficial/",
  "location": "Atlanta, Georgia, United States",
  "number_of_exits": "",
  "number_of_funding_round": 2,
  "operating_status": "Active",
  "organization": "Kinly",
  "phone_number": "(833) 332-4323",
  "stock_ticker": "",
  "twitter": "https://twitter.com/kinlyofficial",
  "website": "https://bekinly.com/",
  "message": "ok"
}
