{
  "article_subtitle": "aboutamazon.com • 8 min read",
  "article_title": "The FTC’s lawsuit against Amazon would lead to higher prices and slower deliveries for consumers—and hurt businesses",
  "images": {},
  "num_appreciations": 42,
  "num_comments": 66,
  "num_empathy": 11,
  "num_interests": 62,
  "num_likes": 1826,
  "num_praises": 18,
  "text": "We think the FTC’s lawsuit against Amazon is misguided. Here’s our initial response.",
  "time": "1w",
  "url": "https://www.linkedin.com/posts/zapolsky_the-ftcs-lawsuit-against-amazon-would-lead-activity-7112527462189715456-BQMG",
  "urn": "7112833961902424065"
}
