{
  "company_name": "Apple Inc.",
  "linkedin_url": "https://www.linkedin.com/company/apple/",
  "description": "Apple Inc. is an American multinational technology company that designs, develops, and sells consumer electronics, computer software, and online services.",
  "industry": "Information Technology & Services",
  "employee_count": "10,001+",
  "location": "Cupertino, California",
  "website": "https://www.apple.com/",
  "logo_url": "https://media.licdn.com/dms/image/C510BAQEqVh-jp0qX5w/company-logo_400_400/0/1519859038210?e=1686384000&v=beta&t=0f6CmZ65FQPGtH7Ri3V-99nNliXPi_06lB_NrlG4hZo"
}