{
  "company_description": "Building a Healthier Future Our mission is to improve the health, vitality, and longevity of human beings through bioengineering. Who We Are At Ossium, we believe that science is humanity’s best weapon in the fight against disease, and we embrace the challenge of mobilizing the world’s healthcare ecosystem to win that fight. In pursuit of this goal, we empower our employees, maintain the highest standards of excellence, and are a force for good. PRINCIPLES The values we live by Impact We are mission-driven and results-oriented. We believe that a healthier world is a better one and that our work should drive positive change. Truth Embracing the truth empowers us to learn from both our successes and our mistakes. We follow the data wherever it leads. Ownership We hold ourselves and each other to the highest bar. We care deeply about the work we do and know that even the smallest details can make a difference.",
  "company_id": "18940375",
  "company_linkedin_url": "https://www.linkedin.com/company/ossiumhealth",
  "company_name": "Ossium Health",
  "company_public_id": "ossiumhealth",
  "employee_count": 87,
  "employee_range": "51 - 200",
  "experience_level": "Mid-Senior level",
  "follower_count": 1969,
  "hq_address_line1": "80 Tehama St",
  "hq_address_line2": null,
  "hq_city": "San Francisco",
  "hq_country": "US",
  "hq_full_address": "80 Tehama St, San Francisco, California 94105, US",
  "hq_postalcode": "94105",
  "hq_region": "California"
}
