{
  "about": "As a highly innovative, creative and technology-savvy individual with a passion for continuous learning and a natural talent for leadership, I am dedicated to driving positive change and shaping the future through ideas and innovation. With a proven track record of success and a drive to stay ahead of the curve, I am constantly seeking new challenges and opportunities to expand my knowledge and make an impact. My experience in leading teams and implementing cutting-edge solutions has honed my ability to identify opportunities, overcome obstacles, and deliver results. I have a strong ability to bridge the gap between technology and business, leveraging my technical expertise and strategic thinking to drive meaningful change. Whether it's developing new solutions, commercialising existing ideas, mentoring and developing others, or staying on the forefront of emerging trends and technologies, I am constantly learning and growing. My insatiable curiosity and drive for excellence drive me to constantly seek new challenges and opportunities to make a difference. As a visionary leader, I am always striving to create a better future and make a positive impact. Whether it's through ideas, creativity, products, cutting-edge technologies, or simply being a positive influence on those around me, I am always pushing the boundaries of what is possible. So, if you're looking for someone who is passionate, driven, and committed to making a difference, look no further. I am eager to bring my skills, experience, and enthusiasm to the table and help drive the future of innovation and technology forward.",
  "city": "Sydney",
  "company": "Trinity Consulting Services",
  "company_domain": "",
  "company_employee_range": "2-10",
  "company_industry": "Advertising Services",
  "company_linkedin_url": "https://www.linkedin.com/company/trinity-consulting-services/",
  "company_logo_url": "https://media.licdn.com/dms/image/C4D0BAQGrLPvSJY2SNw/company-logo_400_400/0/1519932056711?e=1686787200&v=beta&t=eL16b3rEZ6NXK2IyIpkXGlRYrfYWolzJt5nifq7en70",
  "company_website": "https://www.linkedin.com/in/ajjames/",
  "company_year_founded": 2007,
  "connections_count": 500,
  "country": "Australia",
  "current_company_join_month": 5,
  "current_company_join_year": 2016,
  "educations": null,
  "experiences": null,
  "first_name": "Anthony",
  "followers_count": 4081123,
  "full_name": "Anthony J James",
  "headline": "CEO, Innovation, Technology & Growth at Trinity Consulting",
  "hq_city": "Sydney",
  "hq_country": "Australia",
  "hq_region": "NSW",
  "job_title": "Chairperson of the Board",
  "last_name": "James",
  "linkedin_url": "https://www.linkedin.com/in/ajjames",
  "location": "Sydney, New South Wales, Australia",
  "profile_id": "4444590",
  "profile_image_url": "https://media.licdn.com/dms/image/D4D03AQH70ioIIQkzPg/profile-displayphoto-shrink_800_800/0/1674214515612?e=1690416000&v=beta&t=EN4_7JbdJextklwzAQA0vNVo5POn5hXGLs387PWyctU",
  "public_id": "ajjames",
  "redirected_url": "https://www.linkedin.com/in/ajjames",
  "school": "University of Technology, Sydney",
  "skills": "International Marketing, Social Media Marketing, Entrepreneurship, Business Strategy, Marketing Strategy, Strategic Planning, Strategy, Customer Insight, Brand Development, Brand Management, Marketing Management, Go-to-market Strategy, Direct Marketing, International Business, International Sales, Consumer Behaviour, Consumer Behavior, Product Management, FMCG, Change Management, Big Data, Content Strategy, Consumer Insights, Email Marketing, Franchising, Concept Development, Digital Media, Retail, Business Development, Marketing, E-commerce, Start-ups, Strategic Partnerships, Leadership, Managing Creative Teams, Innovation Management, Contract Negotiation, Management, Creative Problem Solving, Public Speaking, Global Management, Innovative Thinking, Idea Generation, Business Innovation, Concept Ideation, Free, Tryvertising, Campaigns, Concept Generation, Creative Direction",
  "state": "New South Wales",
  "message": "ok"
}
