{
  "about": "I am a seasoned leader in marketing, innovation, and digital solutions, with a 30-year journey transforming businesses across the Asia Pacific. My specialty lies in blending creativity with technology to drive growth and innovation. As the Chief Innovation & Growth Officer at DDB Group Asia Pacific, I spearhead the development of groundbreaking digital and tech solutions, unlocking long-term growth for our clients. Previously, as Group CEO of Marketing and Innovation at Sample Central, I revolutionized the retail industry by introducing the 'try-before-you-buy' model globally, leveraging big data to support franchises worldwide. At Creata, my leadership as Executive Vice-President of Global Sales & Marketing led to the creation of Creata Digital and a landmark digital partnership with McDonald's. My tenure at Fujitsu Consulting was marked by the establishment of a unified brand message and innovative solutions, while at ZIVO Pty Limited, I directed sales, marketing, and communications strategies that strengthened our market presence. As an IBM Global Services Managing Consultant, I played a crucial role in launching the e-business Solutions team, and at CSC, I developed a global multimedia capability as the Internet Sales & Marketing Manager. My career began in creative roles, including Interactive Designer and Programmer for IBM and Graphic Designer / Computer Animator for Optical & Graphic Services. This diverse experience has honed my ability to lead organizations through innovation and growth in the digital age, making me a visionary leader poised to drive business excellence in this rapidly evolving landscape.",
  "certifications": null,
  "city": "Sydney",
  "company": "Trinity Consulting Services",
  "company_domain": "",
  "company_employee_range": "2 - 10",
  "company_industry": "Advertising Services",
  "company_linkedin_url": "https://www.linkedin.com/company/trinity-consulting-services",
  "company_logo_url": "https://media.licdn.com/dms/image/C4D0BAQGrLPvSJY2SNw/company-logo_400_400/0/1631332155891?e=1721260800&v=beta&t=iQTFPyaBeWz0XXwg6g0pmnwRH1oXk1GNYLoai-Fe8E4",
  "company_website": "https://www.linkedin.com/in/ajjames/",
  "company_year_founded": 2007,
  "connections_count": 500,
  "country": "Australia",
  "current_company_join_month": 5,
  "current_company_join_year": 2016,
  "educations": null,
  "email": "",
  "experiences": null,
  "first_name": "Anthony",
  "followers_count": 3701218,
  "full_name": "Anthony J James",
  "headline": "CEO | Innovation | Technology | Global Commercialization | Growth @ Trinity Consulting",
  "hq_city": "Sydney",
  "hq_country": "AU",
  "hq_region": "NSW",
  "job_title": "Chairperson of the Board",
  "languages": "English",
  "last_name": "James",
  "linkedin_url": "https://www.linkedin.com/in/ajjames",
  "location": "Sydney, New South Wales, Australia",
  "phone": "",
  "profile_id": "4444590",
  "profile_image_url": "https://media.licdn.com/dms/image/D4D03AQH70ioIIQkzPg/profile-displayphoto-shrink_800_800/0/1674214516704?e=1718236800&v=beta&t=K_-zY-FgCU_CHeGWMCXQ8KzEehhbVkfzMSXdth50x98",
  "public_id": "ajjames",
  "school": "University of Technology, Sydney",
  "state": "New South Wales",
  "urn": "ACoAAABD0a4B2wblfHunfjGEN-uRLdg2MnWydmk",
  "message": "ok"
}
