{
  "images": null,
  "num_appreciations": 1,
  "num_comments": 45,
  "num_empathy": 2,
  "num_interests": 8,
  "num_likes": 136,
  "num_reposts": 17,
  "post_url": "https://www.linkedin.com/feed/update/urn:li:activity:7133709424296165377/",
  "reshared": false,
  "text": "📍Do you want to make your presentations with AI magic using ChatGPT just in Minutes💥 📍Unlock the untapped power of AI in your presentations with ChatGPT and transform them into masterpieces that captivate and inspire. 📍Harness ChatGPT's creative genius to brainstorm fresh ideas, craft engaging content, and select stunning visuals that will elevate your presentations to new heights. 💥Experience the seamless flow of content and captivating slide layouts that ChatGPT helps you create, leaving your audience mesmerized from start to finish. 📍Embrace the future of presentations with ChatGPT and watch your audience's jaws drop. 🎉And Follow Vijay Chollangi 🛡 For More AI tools stay tuned with me VC-Respective Creator #AIpresentations #ChatGPT #powerpoint #presentationmagic #aitools",
  "time": "4h",
  "urn": "7133709424296165377"
}
