{
  "num_likes": 0,
  "num_shares": null,
  "post_type": "article",
  "post_url": "https://www.linkedin.com/feed/update/urn:li:activity:7188717065229291520/",
  "posted": "2024-04-24 01:55:08",
  "poster_linkedin_url": "https://www.linkedin.com/in/ACoAAB0Ep3UB5q1KTrEnopcszHbmWS7QwINCZu0?miniProfileUrn=urn%3Ali%3Afs_miniProfile%3AACoAAB0Ep3UB5q1KTrEnopcszHbmWS7QwINCZu0",
  "poster_name": "Richard Cupal, LPT",
  "poster_title": "Full-Time College IT Instructor at Talisay City College",
  "text": "Learning how to earn extra money in the internet is ❤️ #rebzone #sepirothx",
  "urn": "7188717065229291520"
}
