{
  "employees": [
    {
      "name": "John Doe",
      "position": "Software Engineer",
      "company": "Example Company",
      "linkedin_url": "https://www.linkedin.com/in/johndoe/",
      "profile_image_url": "https://www.example.com/profile_image.jpg"
    },
    {
      "name": "Jane Smith",
      "position": "Marketing Manager",
      "company": "Example Company",
      "linkedin_url": "https://www.linkedin.com/in/janesmith/",
      "profile_image_url": "https://www.example.com/profile_image.jpg"
    }
  ]
}