{"main":"-linkedin-profile-searchlinkedinschoolpages-viagoogle.raml","name":" linkedIn-profile-searchLinkedinSchoolPages-viaGoogle","groupId":"65c38237-ebbe-483b-b365-167b076fc487","assetId":"linkedin-profile-searchlinkedinschoolpages-viagoogle","version":"1.0.0","classifier":"raml-fragment","tags":[],"descriptorVersion":"1.0.0","organizationId":"65c38237-ebbe-483b-b365-167b076fc487","apiVersion":"v1","originalFormatVersion":"1.0","metadata":{"projectId":"f10cb5ee-1afb-4771-88f4-f02d319febf6","branchId":"master","commitId":"d711642ed9bb37c862ce786eeb5563a2091fdce6"}}