{"main":"linkedin-profile-search-posts.raml","name":"linkedIn-profile-search-posts","groupId":"65c38237-ebbe-483b-b365-167b076fc487","assetId":"linkedin-profile-search-posts","version":"1.0.0","classifier":"raml-fragment","tags":[],"descriptorVersion":"1.0.0","organizationId":"65c38237-ebbe-483b-b365-167b076fc487","apiVersion":"v1","originalFormatVersion":"1.0","metadata":{"projectId":"b4b9769d-3a26-4405-954f-5d4041e0a659","branchId":"master","commitId":"ca429800e5095fca3d5825ef840b5e76c259da05"}}