{"main":"linkedin-profile-searchdecisionmakers.raml","name":"linkedIn-profile-searchDecisionMakers","groupId":"65c38237-ebbe-483b-b365-167b076fc487","assetId":"linkedin-profile-searchdecisionmakers","version":"1.0.0","classifier":"raml-fragment","tags":[],"descriptorVersion":"1.0.0","organizationId":"65c38237-ebbe-483b-b365-167b076fc487","apiVersion":"v1","originalFormatVersion":"1.0","metadata":{"projectId":"961616f4-56de-402f-8893-98abf26e6fe5","branchId":"master","commitId":"e09a322e0799acd9d7a458dd19045f45c732bab7"}}