{"main":"linkedin-profilesearch-employeesby-salesnavurl.raml","name":"linkedIn-profileSearch-employeesby-salesNavUrl","groupId":"65c38237-ebbe-483b-b365-167b076fc487","assetId":"linkedin-profilesearch-employeesby-salesnavurl","version":"1.0.0","classifier":"raml-fragment","tags":[],"descriptorVersion":"1.0.0","organizationId":"65c38237-ebbe-483b-b365-167b076fc487","apiVersion":"v1","originalFormatVersion":"1.0","metadata":{"projectId":"8782be54-9495-46c7-ae57-5b29b9f14429","branchId":"master","commitId":"365321cd7b45a6a54c27b1985e4ddcb96b0e04ec"}}